DateTime,vuser,Tests,Errors,Mean_Test_Time_(ms),Test_Time_Standard_Deviation_(ms),TPS,Mean_response_length,Response_bytes_per_second,Response_errors,Mean_time_to_resolve_host,Mean_time_to_establish_connection,Mean_time_to_first_byte
2025-03-04 15:14:47,23,27,0,1014.185,66.389,13.5,76,1026,0,0,7.407,14
2025-03-04 15:14:49,43,70,0,998.829,67.447,35,76,2660,0,0,1.557,3.9
2025-03-04 15:14:51,63,109,0,1005.294,61.128,54.5,76.257,4156,0,0,1.523,4.147
2025-03-04 15:14:53,83,148,0,1010.311,62.89,74,77,5698,0,0,1.318,3.405
2025-03-04 15:14:55,105,194,0,1004.557,72.583,97,77,7469,0,0,1.082,3.16
2025-03-04 15:14:57,125,230,0,1015.391,64.725,115,76.752,8826.5,0,0,1.457,3.704
2025-03-04 15:14:59,145,265,0,1015.17,62.347,132.5,76,10070,0,0,1.913,4.913
2025-03-04 15:15:01,168,316,0,1010.351,64.279,158,76,12008,0,0,1.161,2.997
2025-03-04 15:15:03,186,351,0,1003.085,63.373,175.5,76.268,13385,0,0,1.265,3.279
2025-03-04 15:15:05,205,392,0,1008.107,67.026,196,77,15092,0,0,0.987,2.526
2025-03-04 15:15:07,229,432,0,1008.521,67.45,216,77,16632,0,0,0.877,2.512
2025-03-04 15:15:09,245,470,0,1008.623,65.366,235,77.268,18158,0,0,1.674,4.047
2025-03-04 15:15:11,266,511,0,1010.067,63.487,255.5,78,19929,0,0,0.8,2.38
2025-03-04 15:15:13,284,552,0,1002.551,66.203,276,78,21528,0,0,0.62,2.136
2025-03-04 15:15:15,307,602,0,1001.385,68.318,301,77.111,23210.5,0,0,0.781,2.375
2025-03-04 15:15:17,328,649,0,1010.008,67.666,324.5,75,24337.5,0,0,2.69,5.968
2025-03-04 15:15:19,348,684,0,1007.083,66.465,342,75,25650,0,0,0.885,2.314
2025-03-04 15:15:21,366,707,0,1008.216,66.448,353.5,75.366,26642,0,0,0.918,2.836
2025-03-04 15:15:23,389,759,0,1000.738,67.465,379.5,76,28842,0,0,0.615,2.223
2025-03-04 15:15:25,407,786,0,1008.314,63.56,393,76,29868,0,0,0.644,2.041
2025-03-04 15:15:27,427,839,0,1011.597,65.584,419.5,76.728,32187.5,0,0,0.806,2.573
2025-03-04 15:15:29,447,878,0,1008.74,67.001,439,78,34242,0,0,0.527,1.809
2025-03-04 15:15:31,468,915,0,1001.063,65.55,457.5,78,35685,0,0,0.706,2.733
2025-03-04 15:15:33,485,934,0,1009.182,66.405,467,77.62,36248.5,0,0,0.541,2.307
2025-03-04 15:15:35,507,1022,0,1005.789,64.575,511,77,39347,0,0,0.642,1.839
2025-03-04 15:15:37,528,1030,0,1004.216,64.947,515,77,39655,0,0,0.408,1.677
2025-03-04 15:15:39,548,1080,0,1007.172,69.145,540,77.007,41584,0,0,0.448,1.637
2025-03-04 15:15:41,567,1117,0,1005.437,65.827,558.5,77,43004.5,0,0,0.406,1.535
2025-03-04 15:15:43,589,1167,0,1003.697,67.024,583.5,77,44929.5,0,0,0.32,1.383
2025-03-04 15:15:45,608,1199,0,1002.817,65.854,599.5,77.412,46408.5,0,0,0.314,1.425
2025-03-04 15:15:47,626,1225,0,1002.562,65.02,612.5,78,47775,0,0,0.311,1.331
2025-03-04 15:15:49,648,1283,0,1003.055,65.638,641.5,78,50037,0,0,0.481,1.415
2025-03-04 15:15:51,668,1309,0,1002.772,67.744,654.5,78.002,51052,0,0,0.481,1.59
2025-03-04 15:15:53,688,1365,0,1003.118,67.372,682.5,78,53235,0,0,0.389,1.393
2025-03-04 15:15:55,708,1397,0,1005.835,63.553,698.5,78,54483,0,0,1.262,4.087
2025-03-04 15:15:57,728,1444,0,1001.615,64.505,722,77.076,55649,0,0,0.292,1.488
2025-03-04 15:15:59,748,1475,0,1004.866,67.086,737.5,76,56050,0,0,0.313,1.359
2025-03-04 15:16:01,769,1513,0,1000.991,67.373,756.5,76,57494,0,0,0.438,1.463
2025-03-04 15:16:03,789,1550,0,1007.35,65.469,775,77.386,59974.5,0,0,0.422,1.595
2025-03-04 15:16:05,809,1594,0,1003.492,63.895,797,79,62963,0,0,0.519,1.693
2025-03-04 15:16:07,829,1648,0,1004.266,65.59,824,79,65096,0,0,0.621,2.752
2025-03-04 15:16:09,847,1673,0,1004.629,65.411,836.5,77.995,65243,0,0,0.543,2.722
2025-03-04 15:16:11,868,1718,0,1005.779,64.756,859,77,66143,0,0,0.498,1.825
2025-03-04 15:16:13,888,1739,0,1010.513,74.757,869.5,77,66951.5,0,0,1.692,6.419
2025-03-04 15:16:15,911,1861,0,1007.141,66.252,930.5,76.987,71636.5,0,0,1.003,3.756
2025-03-04 15:16:17,929,1834,0,1001.482,64.708,917,77,70609,0,0,0.594,1.874
2025-03-04 15:16:19,950,1892,0,1001.674,66.805,946,77,72842,0,0,0.541,1.759
2025-03-04 15:16:21,970,1417,0,1007.412,66.136,708.5,76.989,54546.5,0,0,0.858,4.923
2025-03-04 15:16:23,990,1951,0,1005.339,64.489,975.5,77,75113.5,0,0,0.756,2.053
2025-03-04 15:16:25,1000,1983,0,1003.922,66.655,991.5,77,76345.5,0,0,0.488,1.922
2025-03-04 15:16:27,1000,2000,0,1004.433,66.834,1000,76.709,76708.5,0,0,0.447,1.651
2025-03-04 15:16:29,1000,2002,0,1005.309,65.793,1001,76,76076,0,0,0.474,1.813
2025-03-04 15:16:31,1000,1963,0,1002.723,64.584,981.5,76,74594,0,0,0.4,1.611
2025-03-04 15:16:33,1000,2000,0,1003.399,65.836,1000,76.549,76549,0,0,0.487,1.697
2025-03-04 15:16:35,1000,2086,0,1006.14,64.373,1043,78,81354,0,0,0.548,1.909
2025-03-04 15:16:37,1000,2008,0,1002.401,67.259,1004,78,78312,0,0,0.493,1.872
2025-03-04 15:16:39,1000,2002,0,1003.4,66.075,1001,77.333,77410.5,0,0,0.287,1.6
2025-03-04 15:16:41,1000,1998,0,1002.343,67.423,999,76,75924,0,0,0.206,1.206
2025-03-04 15:16:43,1000,1991,0,1004.006,64.186,995.5,76,75658,0,0,0.311,1.387
2025-03-04 15:16:45,1000,2008,0,1001.644,63.836,1004,76.346,76651.5,0,0,0.392,1.469
2025-03-04 15:16:47,1000,2003,0,1003.829,66.044,1001.5,77,77115.5,0,0,0.566,1.759
2025-03-04 15:16:49,1000,2002,0,1006.261,65.056,1001,77,77077,0,0,0.53,1.559
2025-03-04 15:16:51,1000,1991,0,1005.13,67.744,995.5,76.661,76316,0,0,0.551,1.83
2025-03-04 15:16:53,1000,2007,0,1004.45,65.273,1003.5,76,76266,0,0,0.406,1.542
2025-03-04 15:16:55,1000,2059,0,1003.31,65.417,1029.5,76,78242,0,0,0.48,1.498
2025-03-04 15:16:57,1000,2010,0,1004.18,65.881,1005,76.409,76791.5,0,0,0.45,1.439
2025-03-04 15:16:59,1000,1995,0,1004.835,64.154,997.5,77,76807.5,0,0,0.495,1.569
2025-03-04 15:17:01,1000,1945,0,1005.209,65.234,972.5,77,74882.5,0,0,0.505,1.628
2025-03-04 15:17:03,1000,2001,0,1004.732,65.745,1000.5,77.002,77041,0,0,0.464,1.639
2025-03-04 15:17:05,1000,2056,0,1002.851,64.587,1028,77,79156,0,0,0.354,1.523
2025-03-04 15:17:07,1000,1981,0,1005.731,66.041,990.5,77,76268.5,0,0,0.437,1.475
2025-03-04 15:17:09,1000,1992,0,1004.738,65.077,996,77.413,77103.5,0,0,0.491,1.532
2025-03-04 15:17:11,1000,2011,0,1003.998,65.503,1005.5,78,78429,0,0,0.51,1.635
2025-03-04 15:17:13,1000,2010,0,1005.536,65.225,1005,78,78390,0,0,0.498,1.666
2025-03-04 15:17:15,1000,1992,0,1004.232,66.295,996,78,77688,0,0,0.562,1.589
2025-03-04 15:17:17,1000,1993,0,1005.139,64.523,996.5,78,77727,0,0,0.494,1.533
2025-03-04 15:17:19,1000,2016,0,1002.894,65.076,1008,78,78624,0,0,0.525,1.577
2025-03-04 15:17:21,1000,2002,0,1003.598,67.966,1001,77.093,77170,0,0,0.43,1.765
2025-03-04 15:17:23,1000,2003,0,1004.366,63.99,1001.5,76,76114,0,0,0.517,1.622
2025-03-04 15:17:25,1000,1983,0,1005.012,62.411,991.5,76,75354,0,0,0.505,1.628
2025-03-04 15:17:27,1000,1994,0,1007.888,65.411,997,76.458,76229,0,0,0.527,1.718
2025-03-04 15:17:29,1000,2010,0,1004.77,66.147,1005,77,77385,0,0,0.561,1.659
2025-03-04 15:17:31,1000,2000,0,1002.324,65.541,1000,77,77000,0,0,0.513,1.629
2025-03-04 15:17:33,1000,1999,0,1006.54,65.461,999.5,77.475,77436,0,0,0.544,1.593
2025-03-04 15:17:35,1000,1984,0,1008.218,66.154,992,78,77376,0,0,0.649,1.856
2025-03-04 15:17:37,1000,1999,0,1005.382,66.433,999.5,78,77961,0,0,0.61,1.762
2025-03-04 15:17:39,1000,2010,0,1004.946,64.115,1005,77.488,77875.5,0,0,0.521,1.695
2025-03-04 15:17:41,1000,2060,0,1005.718,64.443,1030,77,79310,0,0,0.533,1.606
2025-03-04 15:17:43,1000,1993,0,1003.679,65.263,996.5,77,76730.5,0,0,0.412,1.475
2025-03-04 15:17:45,1000,1994,0,1007.874,66.393,997,76.985,76754,0,0,0.571,2.498
2025-03-04 15:17:47,1000,2006,0,1002.382,65.29,1003,77,77231,0,0,0.51,1.581
2025-03-04 15:17:49,1000,2003,0,1002.159,66.695,1001.5,77,77115.5,0,0,0.576,1.645
2025-03-04 15:17:51,1000,2013,0,1003.805,66.024,1006.5,76.467,76964.5,0,0,0.518,1.849
2025-03-04 15:17:53,1000,1998,0,1001.719,65.159,999,76,75924,0,0,0.567,1.638
2025-03-04 15:17:55,1000,1993,0,1006.55,65.992,996.5,76,75734,0,0,0.537,2.51
2025-03-04 15:17:57,1000,2051,0,1005.035,66.333,1025.5,76.574,78527,0,0,0.476,2.15
2025-03-04 15:17:59,1000,1947,0,1007.916,65.361,973.5,77,74959.5,0,0,0.764,3.094
2025-03-04 15:18:01,1000,1993,0,1006.191,64.412,996.5,77,76730.5,0,0,0.64,1.794
2025-03-04 15:18:03,1000,2052,0,1005.404,66.68,1026,76.949,78949.5,0,0,0.622,3.289
2025-03-04 15:18:05,1000,2013,0,1003.965,66.339,1006.5,77,77500.5,0,0,0.65,1.928
2025-03-04 15:18:07,1000,1994,0,1005.143,66.134,997,77,76769,0,0,0.513,1.639
2025-03-04 15:18:09,1000,2000,0,1001.824,66.639,1000,77.632,77631.5,0,0,0.533,1.567
2025-03-04 15:18:11,1000,2003,0,1004.675,66.459,1001.5,78,78117,0,0,0.539,1.654
2025-03-04 15:18:13,1000,2010,0,1005.23,65.674,1005,78,78390,0,0,0.55,1.584
2025-03-04 15:18:15,1000,2001,0,1004.846,64.549,1000.5,77.348,77387,0,0,0.583,1.965
2025-03-04 15:18:17,1000,2010,0,1004.149,68.002,1005,77,77385,0,0,0.585,1.766
2025-03-04 15:18:19,1000,1944,0,1003.987,64.247,972,77,74844,0,0,0.522,1.72
2025-03-04 15:18:21,1000,2050,0,1001.599,66.259,1025,76.366,78275.5,0,0,0.509,1.585
2025-03-04 15:18:23,1000,1999,0,1007.978,66.745,999.5,76,75962,0,0,0.65,1.77
2025-03-04 15:18:25,1000,1494,0,1003.924,66.878,747,76,56772,0,0,0.624,1.782
2025-03-04 15:18:27,1000,1977,0,1008.337,64.436,988.5,76.021,75146.5,0,0,0.593,2.098
2025-03-04 15:18:29,1000,2028,0,1000.014,67.746,1014,76,77064,0,0,0.531,1.716
2025-03-04 15:18:31,1000,2005,0,1002.641,65.697,1002.5,76,76190,0,0,0.547,1.826
2025-03-04 15:18:33,1000,2001,0,1004.39,65.565,1000.5,76.427,76465.5,0,0,0.595,2.806
2025-03-04 15:18:35,1000,2000,0,1005.81,67.249,1000,77,77000,0,0,0.604,1.906
2025-03-04 15:18:37,1000,1995,0,1005.287,65.214,997.5,77,76807.5,0,0,0.578,1.862
2025-03-04 15:18:39,1000,2017,0,1005.793,65.778,1008.5,77.003,77657.5,0,0,0.548,1.893
2025-03-04 15:18:41,1000,2000,0,1003.915,69.005,1000,77,77000,0,0,0.577,1.756
2025-03-04 15:18:43,1000,2004,0,1002.627,64.278,1002,77,77154,0,0,0.496,1.694
2025-03-04 15:18:45,1000,2032,0,1005.173,64.613,1016,76.992,78223.5,0,0,0.412,1.547
2025-03-04 15:18:47,1000,2011,0,1004.591,65.418,1005.5,77,77423.5,0,0,0.577,1.627
2025-03-04 15:18:49,1000,2001,0,1002.812,65.503,1000.5,77,77038.5,0,0,0.607,1.8
2025-03-04 15:18:51,1000,2012,0,1003.561,66.572,1006,77.008,77470,0,0,0.531,1.58
2025-03-04 15:18:53,1000,2003,0,1004.19,66.689,1001.5,77,77115.5,0,0,0.573,1.763
2025-03-04 15:18:55,1000,2009,0,1005.814,63.716,1004.5,77,77346.5,0,0,0.444,1.839
2025-03-04 15:18:57,1000,2006,0,1003.622,65.309,1003,77.537,77769.5,0,0,0.42,1.571
2025-03-04 15:18:59,1000,1997,0,1003.782,66.329,998.5,78,77883,0,0,0.501,1.504
2025-03-04 15:19:01,1000,2002,0,1001.233,63.63,1001,78,78078,0,0,0.538,1.682
2025-03-04 15:19:03,1000,2004,0,1006.179,65.885,1002,75.236,75386.5,0,0,0.554,1.729
2025-03-04 15:19:05,1000,1982,0,1006.497,66.565,991,73,72343,0,0,0.55,1.551
2025-03-04 15:19:07,1000,2013,0,1004.41,64.703,1006.5,73,73474.5,0,0,0.487,1.613
2025-03-04 15:19:09,1000,1996,0,1003.458,67.1,998,74.743,74593.5,0,0,0.417,1.513
2025-03-04 15:19:11,1000,2003,0,1003.681,65.859,1001.5,76,76114,0,0,0.595,1.76
2025-03-04 15:19:13,1000,2010,0,1003.313,65.907,1005,76,76380,0,0,0.605,1.788
2025-03-04 15:19:15,1000,1998,0,1003.01,65.599,999,76.026,75949.5,0,0,0.538,1.702
2025-03-04 15:19:17,1000,2001,0,1005.885,67.333,1000.5,76,76038,0,0,0.547,1.903
2025-03-04 15:19:19,1000,2003,0,1007.042,66.425,1001.5,76,76114,0,0,0.474,1.554
2025-03-04 15:19:21,1000,1984,0,1004.034,65.982,992,77.192,76574.5,0,0,0.466,1.777
2025-03-04 15:19:23,1000,1997,0,1006.418,65.001,998.5,78,77883,0,0,0.533,1.613
2025-03-04 15:19:25,1000,1998,0,1008.503,65.886,999,78,77922,0,0,0.558,1.935
2025-03-04 15:19:27,1000,1982,0,1008.498,69.986,991,77.27,76575,0,0,0.571,5.815
2025-03-04 15:19:29,1000,1995,0,1005.28,67.112,997.5,77,76807.5,0,0,0.71,3.04
2025-03-04 15:19:31,1000,1998,0,1004.063,66.071,999,77,76923,0,0,0.505,1.682
2025-03-04 15:19:33,1000,2019,0,1001.808,65.046,1009.5,77.001,77733,0,0,0.582,2.031
2025-03-04 15:19:35,1000,2007,0,1003.635,64.857,1003.5,77,77269.5,0,0,0.445,1.625
2025-03-04 15:19:37,1000,1999,0,1003.528,66.471,999.5,77,76961.5,0,0,0.574,1.855
